{"meta": {"format": 3, "version": "7.13.0", "timestamp": "2026-03-21T00:10:52.032012", "branch_coverage": false, "show_contexts": false}, "files": {"entrypoint/generation_loop.py": {"executed_lines": [1, 21, 23, 24, 25, 26, 27, 28, 30, 32, 34, 40, 48, 49, 50, 60, 61, 62, 63, 64, 72, 88, 91, 106, 107, 115, 140, 141, 143, 144, 145, 146, 147, 148, 149, 150, 157, 159, 165, 168, 186, 200, 223, 224, 226, 228, 238, 244, 247, 256, 262, 265, 267, 275, 276, 282, 285, 286, 287, 288, 293, 296, 299, 312, 318, 319, 324, 327, 359, 360, 361, 362, 365, 366, 368, 369, 371, 379, 381, 394, 396, 397, 399, 401, 407, 408, 410, 416, 418, 419, 421, 427, 428, 430, 436, 438, 439, 441, 447, 448, 450, 457, 460, 471, 473, 482, 491], "summary": {"covered_lines": 104, "num_statements": 120, "percent_covered": 86.66666666666667, "percent_covered_display": "87", "missing_lines": 16, "excluded_lines": 5, "percent_statements_covered": 86.66666666666667, "percent_statements_covered_display": "87"}, "missing_lines": [92, 94, 95, 96, 97, 98, 99, 100, 101, 102, 103, 104, 108, 109, 461, 462], "excluded_lines": [34, 35, 36, 37, 38], "functions": {"_parse_coach_verdict": {"executed_lines": [88, 91, 106, 107], "summary": {"covered_lines": 4, "num_statements": 18, "percent_covered": 22.22222222222222, "percent_covered_display": "22", "missing_lines": 14, "excluded_lines": 0, "percent_statements_covered": 22.22222222222222, "percent_statements_covered_display": "22"}, "missing_lines": [92, 94, 95, 96, 97, 98, 99, 100, 101, 102, 103, 104, 108, 109], "excluded_lines": []}, "_invoke_with_retry": {"executed_lines": [140, 141, 143, 144, 145, 146, 147, 148, 149, 150, 157, 159, 165], "summary": {"covered_lines": 13, "num_statements": 13, "percent_covered": 100.0, "percent_covered_display": "100", "missing_lines": 0, "excluded_lines": 0, "percent_statements_covered": 100.0, "percent_statements_covered_display": "100"}, "missing_lines": [], "excluded_lines": []}, "_build_rejection_record": {"executed_lines": [186], "summary": {"covered_lines": 1, "num_statements": 1, "percent_covered": 100.0, "percent_covered_display": "100", "missing_lines": 0, "excluded_lines": 0, "percent_statements_covered": 100.0, "percent_statements_covered_display": "100"}, "missing_lines": [], "excluded_lines": []}, "_process_single_target": {"executed_lines": [223, 224, 226, 228, 238, 244, 247, 256, 262, 265, 267, 275, 276, 282, 285, 286, 287, 288, 293, 296], "summary": {"covered_lines": 20, "num_statements": 20, "percent_covered": 100.0, "percent_covered_display": "100", "missing_lines": 0, "excluded_lines": 0, "percent_statements_covered": 100.0, "percent_statements_covered_display": "100"}, "missing_lines": [], "excluded_lines": []}, "_build_player_message": {"executed_lines": [312, 318, 319, 324], "summary": {"covered_lines": 4, "num_statements": 4, "percent_covered": 100.0, "percent_covered_display": "100", "missing_lines": 0, "excluded_lines": 0, "percent_statements_covered": 100.0, "percent_statements_covered_display": "100"}, "missing_lines": [], "excluded_lines": []}, "run_generation_loop": {"executed_lines": [359, 360, 361, 362, 365, 366, 368, 369, 371, 379, 381, 394, 396, 397, 399, 401, 407, 408, 410, 416, 418, 419, 421, 427, 428, 430, 436, 438, 439, 441, 447, 448, 450, 457, 460, 471, 473, 482], "summary": {"covered_lines": 38, "num_statements": 40, "percent_covered": 95.0, "percent_covered_display": "95", "missing_lines": 2, "excluded_lines": 0, "percent_statements_covered": 95.0, "percent_statements_covered_display": "95"}, "missing_lines": [461, 462], "excluded_lines": []}, "": {"executed_lines": [1, 21, 23, 24, 25, 26, 27, 28, 30, 32, 34, 40, 48, 49, 50, 60, 61, 62, 63, 64, 72, 115, 168, 200, 299, 327, 491], "summary": {"covered_lines": 24, "num_statements": 24, "percent_covered": 100.0, "percent_covered_display": "100", "missing_lines": 0, "excluded_lines": 5, "percent_statements_covered": 100.0, "percent_statements_covered_display": "100"}, "missing_lines": [], "excluded_lines": [34, 35, 36, 37, 38]}}, "classes": {"GenerationResult": {"executed_lines": [], "summary": {"covered_lines": 0, "num_statements": 0, "percent_covered": 100.0, "percent_covered_display": "100", "missing_lines": 0, "excluded_lines": 0, "percent_statements_covered": 100.0, "percent_statements_covered_display": "100"}, "missing_lines": [], "excluded_lines": []}, "": {"executed_lines": [1, 21, 23, 24, 25, 26, 27, 28, 30, 32, 34, 40, 48, 49, 50, 60, 61, 62, 63, 64, 72, 88, 91, 106, 107, 115, 140, 141, 143, 144, 145, 146, 147, 148, 149, 150, 157, 159, 165, 168, 186, 200, 223, 224, 226, 228, 238, 244, 247, 256, 262, 265, 267, 275, 276, 282, 285, 286, 287, 288, 293, 296, 299, 312, 318, 319, 324, 327, 359, 360, 361, 362, 365, 366, 368, 369, 371, 379, 381, 394, 396, 397, 399, 401, 407, 408, 410, 416, 418, 419, 421, 427, 428, 430, 436, 438, 439, 441, 447, 448, 450, 457, 460, 471, 473, 482, 491], "summary": {"covered_lines": 104, "num_statements": 120, "percent_covered": 86.66666666666667, "percent_covered_display": "87", "missing_lines": 16, "excluded_lines": 5, "percent_statements_covered": 86.66666666666667, "percent_statements_covered_display": "87"}, "missing_lines": [92, 94, 95, 96, 97, 98, 99, 100, 101, 102, 103, 104, 108, 109, 461, 462], "excluded_lines": [34, 35, 36, 37, 38]}}}}, "totals": {"covered_lines": 104, "num_statements": 120, "percent_covered": 86.66666666666667, "percent_covered_display": "87", "missing_lines": 16, "excluded_lines": 5, "percent_statements_covered": 86.66666666666667, "percent_statements_covered_display": "87"}}